{"cameraMode":{"drawMode":0,"name":"Shaded","section":"Shading Mode"},"sceneLighting":true,"audioPlay":false,"sceneViewState":{"showFog":true,"showMaterialUpdate":false,"showSkybox":true,"showFlares":true,"showImageEffects":true,"showParticleSystems":true},"in2DMode":false,"pivot":{"x":729.5200805664063,"y":7.820000171661377,"z":632.6294555664063},"rotation":{"x":0.19090235233306886,"y":-0.08967762440443039,"z":0.017516396939754487,"w":0.9773480892181397},"size":3.078723907470703,"orthographic":true}